tag,average_tag_rating
artsy,3.5
06 Oscar Nominated Best Movie - Animation,3.7474747474747474
1900s,4.1
1920s,3.8857142857142857
1950s,3.9346153846153844
1960s,3.4054054054054053
1970s,3.717194570135747
1980s,3.33103354978355
1990s,4.197068403908795
2001-like,3.96875
2D animation,4.277777777777778
70mm,2.25
80's,4.166666666666667
AIDs,3.4318181818181817
AS Byatt,3.5
AWESOME,4.197068403908795
Aardman,3.9143683862433862
Academy award (Best Supporting Actress),3.8125
Action,3.8487275560083414
Adam Sandler,3.345495516388373
Adrien Brody,4.333333333333333
Adventure,4.118918918918919
Afghanistan,4.107142857142857
Africa,3.6701378809869376
Agatha Christie,3.8194444444444446
Al Pacino,3.717841368011448
Alcatraz,3.6404958677685952
Alfred Hitchcock,4.081785034876348
Alicia Vikander,2.5
Amazing Cinematography,3.7222222222222223
American Indians,3.8353658536585367
American propaganda,4.107142857142857
Amish,3.95
Amtrak,3.6666666666666665
Amy Adams,3.2954545454545454
Andrew Lloyd Weber,3.4166666666666665
Andy Garcia,3.3555555555555556
Andy Kaufman,3.4871794871794872
Andy Samberg,3.5294117647058822
Angelina Jolie,2.6470588235294117
Animal movie,3.69868646978022
Anne Boleyn,4.0
Anne Hathaway,3.7310855263157894
Anthony Hopkins,3.6666666666666665
Arnold Schwarzenegger,3.7764746779859486
Arthur C. Clarke,3.8944954128440368
Arthur Miller,3.9
Astaire and Rogers,3.8869047619047614
Atmospheric,3.806607488182209
Atomic bomb,4.268041237113402
Audrey Tautou,3.122448979591837
Australia,3.4443566302118938
BEST PICTURE,3.5472972972972974
Backwards. memory,4.122641509433962
Bad story,2.9166666666666665
Bad writing,2.9166666666666665
Batman,2.9166666666666665
Beatles,3.473684210526316
Beautiful,3.579365079365079
Bechdel Test:Fail,4.004761904761905
Beethoven,3.7222222222222223
Ben Affleck,2.708333333333333
Ben Kingsley,2.75
Ben Stiller,3.3404605056778967
Bette Davis,3.8333333333333335
Bible,3.185744382022472
Big Brothers,4.25
Bill Murray,3.8773584905660377
Bittersweet,3.3640873015873014
Black comedy,4.197068403908795
Borg,3.879120879120879
Boston,3.3125
Boxing story,3.727272727272727
Brad Pitt,3.8759059501634523
British,3.642857142857143
British gangster,3.8157894736842106
Brittany Murphy,3.4642857142857144
Broadway,3.9696969696969697
Brooch,4.142857142857143
Bruce Willis,3.9384527980304895
Bugs Bunny,2.707547169811321
Butler,3.6041666666666665
C.S. Lewis,3.525345622119816
CGI,2.35
California,3.1
Cambodia,4.508928571428571
Canada,4.25
Capone,3.9384615384615387
Capote,3.736111111111111
Captain America,3.869565217391304
Captain Kirk,3.7661290322580645
Casey Affleck,3.45
Cerebral,3.980769230769231
Charles Dickens,3.3181818181818183
Charlize Theron,2.9964080459770113
Charlotte Bronte,3.5
Chile,4.0
China,3.6923076923076925
Chris Evans,2.6694444444444443
Chris Klein,3.378640776699029
Christian Bale,3.8225657894736838
Christina Ricci,3.195332080200501
Christmas,3.739408769491171
Christoph Waltz,4.040012804097311
Christopher Lloyd,3.195332080200501
Christopher Nolan,3.939968356965473
Chuck Palahniuk,4.272935779816514
Civil War,3.821368563685637
Classic,3.3555555555555556
Clock,4.0
Clousseau,3.214015151515152
Coen Bros,3.4871794871794872
Coen Brothers,3.857771902357954
Cold,3.65625
Cold War,3.7046238785369217
Cole Porter,2.5
Colin Farrell,4.158536585365853
Comedy,3.4850427350427347
Conan,4.25
Creature Feature,2.6153846153846154
Crude humor,3.642857142857143
Cult classic,3.9245283018867925
DC,2.35
DC Comics,2.35
DEPRESSING,3.3
Dan Aykroyd,3.730769230769231
Dark,4.0
David Bowie,3.509259259259259
David Fincher,4.272935779816514
David Thewlis,3.5
Day and Hudson,3.8333333333333335
Death,3.8958333333333335
Deep Throat,4.018518518518518
Denzel Washington,3.9054054054054053
Depressing,3.5
Dialogue,3.75
Dickens,3.780952380952381
Dinosaur,3.75
Disaster,3.321138211382114
Disney,3.5434683806827083
Disney animated feature,3.941860465116279
Disturbing,3.1818181818181817
Doc Ock,3.8037974683544302
Dodie Smith,4.5
Dogs,3.688679245283019
Dorothy,3.880434782608696
Dr. Seuss,3.0454545454545454
Dr. Strange,4.0
Dull,3.8944954128440368
Dumas,3.828125
Dwayne Johnson,3.6666666666666665
Dystopia,4.75
E. M. Forster,3.7058823529411766
E.M. Forster,4.0
EPIC,4.231075697211155
Eccentric,4.333333333333333
Ed Harris,3.5125
Edith Wharton,2.833333333333333
Edward Norton,4.0260027736291875
Einstein,3.453488372093023
Emilia Clarke,3.9
Emma,3.293269230769231
Emma Stone,3.8773584905660377
Empire State Building,3.4716981132075473
England,3.8113704399084503
Enterprise,3.3935185185185186
Epic,3.9382352941176473
Eric Bana,2.5606060606060606
Eugene O'Neill,4.0
Europe,3.4183673469387754
Eva Green,3.5
Everything you want is here,3.7616822429906542
Ewan McGregor,2.9
Existential,4.5
Exquisite plotting.,3.8157894736842106
FBI,3.7272727272727275
FIGHTING THE SYSTEM,3.25
Family,3.289473684210526
Favelas,4.3
Firefly,3.94
Food,4.4
France,3.524621212121212
Francis Ford Coppola,3.3555555555555556
French,4.018796992481203
Funny,3.6666666666666665
GIVE ME BACK MY SON!,3.3378378378378377
Gal Gadot,2.34375
Gambling,3.9375
Gangs,3.6029411764705883
Gary Oldman,4.018796992481203
General Motors,3.838709677419355
George Bernard Shaw,3.7714285714285714
George Clooney,3.4871794871794872
George Lucas,4.2156398104265405
Ghost,3.6666666666666665
Ghosts,3.0
Girl Power,3.9682539682539684
Grace,4.025
Graham Greene,3.95
Great Visuals,4.0508474576271185
Great movie,3.2058823529411766
Great performances,3.943661971830986
Great villain,4.0
Guardians of the Galaxy,4.0
Gulf War,3.3275862068965516
Guns,4.018796992481203
HORRIBLE ACTING,2.3333333333333335
HOT actress,3.05
Hal,3.8944954128440368
Halle Berry,3.355769230769231
Halloween,3.553763440860215
Hammett,4.142857142857143
Hannibal Lecter,3.676075268817204
Hannibal Lector,4.161290322580645
Harley Quinn,2.9166666666666665
Harley Quinn's ass,2.9166666666666665
Harper Lee,4.120689655172414
Harrison Ford,4.2156398104265405
Harvey Keitel,4.197068403908795
Hawkeye,3.8333333333333335
Hayao Miyazaki,4.075
Hearst,4.0
Heartwarming,4.1477272727272725
Hemingway,2.75
Henry James,4.083333333333334
Hepburn and Tracy,4.209090909090909
Heroic Bloodshed,4.142857142857143
High School,3.8517207077586852
Highly quotable,3.8917227114556723
Hilary Swank,3.303030303030303
Hollywood,3.43562734082397
Holocaust,3.9180081446879864
Holy Grail,4.046428571428572
Homeless,3.6666666666666665
Horrible directing,2.9166666666666665
Horrid characterisation,3.236842105263158
Horror,4.08256880733945
Housekeeper,3.6041666666666665
Howard Hughes,3.5285714285714285
Huey Long,4.25
Hugh Jackman,3.7560096153846154
Humour,3.943661971830986
Hungary,4.0
I am your father,4.2156398104265405
I see dead people,3.893854748603352
Ichabod Crane,3.475806451612903
In Netflix queue,3.8645415966403878
In Your Eyes,3.923076923076923
India,4.002153926086564
Indonesia,3.8125
Inigo Montoya,4.232394366197183
Insane,3.75
Insanity,2.875
Insurance,4.323529411764706
Ireland,3.650909090909091
Istanbul,3.2857142857142856
It was melodramatic and kind of dumb,3.3378378378378377
Italy,4.028846153846153
Jack Nicholson,4.252336448598131
Jaime Pressly,3.5294117647058822
Jake Gyllenhaal,3.9163602941176467
James Cameron,3.6030927835051547
James Fennimore Cooper,3.8333333333333335
James Franco,3.5678763440860215
James Stewart,4.143452380952381
Jane Austen,3.803332006923425
Japan,3.677927927927928
Jared Leto,3.443627450980392
Jason,2.60952380952381
Jason Biggs,3.378640776699029
Jason Segel,3.5294117647058822
Jean Grey,3.723684210526316
Jean Reno,4.018796992481203
Jeff Bridges,3.8372641509433962
Jekyll and Hyde,2.625
Jennifer Connelly,3.7641509433962264
Jennifer Lawrence,3.7
Jesse Eisenberg,3.8773584905660377
Jesse Ventura,3.581967213114754
Jessica Alba,2.6694444444444443
Jim Carrey,3.6601526717557253
Jim Morrison,3.4054054054054053
John Cusack,3.6818181818181817
John Goodman,3.9245283018867925
John Grisham,3.5194403086925234
John Malkovich,3.4871794871794872
John Travolta,4.197068403908795
Johnny Cash,3.7564102564102564
Johnny Depp,3.534090909090909
Joker,2.9166666666666665
Josh Brolin,3.875
Journalism,3.3125
Judaism,4.015625
Jude Law,3.4246173469387755
Julianne Moore,3.9245283018867925
Juliette Lewis,3.78
Justin Timberlake,3.05
KIDNAPPING,4.116022099447513
Katzanzakis,3.6875
Keanu Reeves,3.9938423645320196
Kevin Costner,2.6923076923076925
Kevin Smith,3.6455696202531644
Kevin Spacey,3.7857142857142856
King Arthur,3.8454411764705885
Klingons,3.3452380952380953
Kurt Russell,3.75
L.A.,3.605769230769231
Las Vegas,3.6315789473684212
Leonardo DiCaprio,3.897362852883416
Liam Neeson,3.248015873015873
Lloyd Dobbler,3.923076923076923
Lolita theme,4.018796992481203
Lonesome Polecat,3.75
Loretta Lynn,3.5
Lou Gehrig,3.5
Louisa May Alcott,3.880952380952381
Luc Besson,4.018796992481203
M. Night Shyamalan,3.0128205128205128
MCU,4.0
MMA,3.727272727272727
MacBeth,4.0
Macaulay Culkin,2.5161290322580645
Made me cry,4.125
Mafia,3.8966503213205437
Maggie Gyllenhaal,3.6931818181818183
Magic,3.839332393562379
Magneto,3.723684210526316
Margot Robbie,2.9166666666666665
Marion Cotillard,3.6666666666666665
Mark Ruffalo,3.761904761904762
Mark Wahlberg,3.466666666666667
Martin Scorsese,3.9928477937415723
Marvel,3.2875
Marx brothers,4.055555555555555
Matrix,3.7
Matt Damon,3.75
May-December romance,4.288461538461538
McCarthy hearings,3.775
McDonalds,3.51
Medieval,4.031645569620253
Mel Gibson,3.3378378378378377
Mental Hospital,3.4642857142857144
Metaphorical,4.5
Mexico,3.1
Michael Bay,3.0327479338842975
Michael Cera,3.779137529137529
Michael Crichton,2.8771929824561404
Michigan,3.838709677419355
Middle East,4.3
Mila Kunis,3.05
Mindfuck,4.122641509433962
Missionary,3.5
Modern war,3.676470588235294
Monty Python,4.161764705882353
Morgan Freeman,4.2112215673252535
Morrow,3.775
Moses,3.5
Motivational,4.149122807017544
Mount Rushmore,4.184210526315789
Moving,3.0
Mozart,4.184210526315789
Mrs. DeWinter,4.166666666666667
Music,3.2738095238095237
Mystery,3.411873840445269
Myth,3.9168882978723403
NASA,3.292024724860546
Nabokov,3.5
Narrative pisstake,3.5
Natalie Portman,4.018796992481203
Nathan Fillion,3.9166666666666665
Native Americans,3.8353658536585367
Navy,3.3012048192771086
Nazis,3.816666666666667
Neil Patrick Harris,3.9166666666666665
Nerd,4.231075697211155
New York,3.9086225678010664
New York City,3.5125
Nick Hornby,3.691287878787879
Nick and Nora Charles,3.448412698412699
Nicolas Cage,2.9444444444444446
Ninotchka remake,3.5
No DVD at Netflix,4.5
Norman Bates,4.036144578313253
Not Seen,3.473684210526316
Not available from Netflix,3.5
Nuclear disaster,4.166666666666667
Nudity (Full Frontal),3.9497641509433965
Nudity (Topless),4.272935779816514
Nun,3.8358208955223883
Olympics,3.019230769230769
Orlando Bloom,3.5
Oscar (Best Actress),3.7708333333333335
Oscar (Best Cinematography),4.031645569620253
Oscar (Best Effects - Visual Effects),3.8944954128440368
Oscar (Best Music - Original Score),3.941860465116279
Oscar (Best Supporting Actress),3.25
Oscar Wilde,4.333333333333333
Othello,2.5
POW,4.1250645994832045
PTSD,2.875
Palahnuik,4.272935779816514
Palme d'Or,4.197068403908795
Paris,3.122448979591837
Paul Giamatti,3.306201550387597
Paul Rudd,3.4113404977375565
Peace Corp,2.8125
Pearl S Buck,4.0
Pee Wee Herman,2.94
Peta Wilson,2.625
Peter Pan,3.4839327830188678
Philip K. Dick,4.100806451612903
Philip Seymour Hoffman,3.9245283018867925
Pixar,3.793963664952011
Police,4.061855670103093
Politics,4.083333333333333
Poor plot development,3.236842105263158
Poor story,2.9166666666666665
Post apocalyptic,3.5542304537998906
President,3.5460526315789473
Priest,3.5
Prince,2.7
Psychological Thriller,4.022388059701493
Quakers,4.0
Queen Victoria,3.8
Quentin Tarantino,4.0458768176878595
Quirky,4.268041237113402
Quotable,4.197068403908795
R language,3.5
ROBOTS AND ANDROIDS,4.231075697211155
Rachel McAdams,4.0
Rachel Weisz,3.758134920634921
Ralph Fiennes,4.158536585365853
Ray Bradbury,3.25
Recap,4.0
Renee Zellweger,2.9
Revenge,3.8448275862068964
Rita Hayworth can dance!,3.5
Rob Zombie,3.2142857142857144
Robert De Niro,3.4345476745476744
Robert Downey Jr.,4.035714285714286
Robert Ludlum,3.697530864197531
Robert Penn Warren,4.25
Robin Williams,3.3246596398770314
Roger Avary,4.197068403908795
Rogers and Hammerstein,4.21875
Rogue,3.723684210526316
Rolling Stone,3.8674698795180724
Romans,3.9382352941176473
Rome,3.5383861236802416
Rosebud,4.043478260869565
Russell Crowe,3.9382352941176473
Russia,4.0
Ryan Reynolds,3.129739010989011
S.E. Hinton,3.71875
SNL,2.1
SPACE TRAVEL,3.9642857142857144
Sad,4.0
Salieri,4.184210526315789
Samuel L. Jackson,3.931682593934945
Saturday Night Live,3.8095238095238093
Savannah,3.1041666666666665
Sci-Fi,3.8969465648854964
Sci-fi,3.96875
Scifi masterpiece,3.970982142857143
Scotland,4.031645569620253
Scott Turow,3.9
Screwball,4.404761904761904
Sean Connery,2.625
Seann William Scott,3.207838906868033
Seth MacFarlane,2.9583333333333335
Seth Rogen,3.321140552995392
Sexual Humor,3.5238095238095237
Shakespeare,3.6451086596435434
Shakespeare sort of,3.7680733618233617
Shangri-La,4.0
Shark,4.0054945054945055
Shia LaBeouf,2.425
Siam,4.166666666666667
Simon Pegg,3.864406779661017
Simon and Garfunkel,4.063291139240507
Simple,3.578125
Sinbad,3.176470588235294
Slim Pickens,4.268041237113402
Something for everyone in this one... saw it without and plan on seeing it with kids!,3.5454545454545454
Soundtrack,3.943661971830986
South Africa,4.25
South America,4.208333333333334
Stand Up,4.0
Stanley Kubrick,3.988532110091743
Star Trek,3.2632575757575757
Star Wars,4.231075697211155
Stephen Crane,4.0
Stephen King,3.348135063990688
Steve Buscemi,4.079206268414367
Steve Carell,3.534772062732589
Steven Spielberg,3.773392857142857
Stock Market,3.9166666666666665
Stoner Movie,3.6774193548387095
Stones of Summer,4.0
Strangers on a Train,3.2
Studio Ghibli,4.016666666666667
Stupid ending,3.7162162162162162
Sundance award winner,3.6666666666666665
Surreal,3.7
Suspense,3.970982142857143
Suspenseful,3.5
Sustainability,4.0
TERRORISM,4.272935779816514
TOGA,3.693548387096774
TV,3.665259259259259
Tarantino,4.199679240122336
Teen movie,2.409090909090909
Tennessee Williams,3.858333333333333
Thanksgiving,3.0714285714285716
Thanos,4.0
The Entertainer,3.9765625
They Might Be Giants,4.0
Thor,4.0
Thrilling,3.982142857142857
Tilda Swinton,3.5416666666666665
Tim Burton,3.689141414141414
Titanic,3.5
Tokyo,2.0
Tolkein,3.8448973635143844
Tolkien,3.8494594594594593
Tolstoy,4.0
Tom Clancy,3.7383838383838386
Tom Hanks,3.6063552538899915
Tom Hardy,3.7715311004784686
Toto,3.880434782608696
Tradition!,3.8125
Train,3.6666666666666665
Trey Parker,3.861842105263158
Truman Capote,3.869565217391304
Turkey,3.2857142857142856
Twist Ending,3.8333333333333335
Uma Thurman,4.197068403908795
Union,3.5
Unique,4.214285714285714
Up series,4.0
Van Gogh,2.5
Venice,4.229166666666667
Veterinarian,3.3879310344827585
Vietnam,4.008372361920435
Viggo Mortensen,4.5
Visually Striking,3.903225806451613
Visually appealing,4.0
Visually stunning,4.0
Vulgar,3.642857142857143
Wall Street,3.8511904761904763
Watergate,4.018518518518518
Well Done,3.625
Wesley Snipes,3.2058823529411766
Western,3.75
Will Ferrell,3.6217978537057487
Will Smith,2.9755747126436782
Witty,3.9615384615384617
Wizards,3.772650340437822
Wolverine,3.723684210526316
Woody Harrelson,3.8773584905660377
World War I,4.285714285714286
World War II,3.7229087992385863
Zooey Deschanel,3.6666666666666665
a clever chef rat,3.8680555555555554
a dingo ate my baby,3.75
aardman,4.25
abortion,3.0
absorbing,4.15625
abstract,4.0
accident,3.857142857142857
achronological,4.197068403908795
acting,4.15625
action,3.695303665237627
action choreography,3.236842105263158
action packed,4.197068403908795
addiction,3.466666666666667
adolescence,3.831225296442687
adoption,3.732142857142857
adorable,4.333333333333333
adult humor,3.861842105263158
adultery,3.5235810485810486
adventure,3.440012880152061
aggressive,4.197068403908795
aging,3.6538461538461537
alan rickman,3.7616822429906542
alcoholism,3.888636363636364
aliens,3.4691158568051614
allegorical,3.25
alone in the world,3.4838709677419355
alter ego,3.630952380952381
alternate endings,3.8055555555555554
alternate reality,3.9523912308512372
alternate universe,3.896223021582734
amazing,4.197068403908795
amazing artwork,3.9
amazing dialogues,4.197068403908795
american idolatry,3.1666666666666665
amnesia,3.8262500000000004
ancient Rome,3.9382352941176473
android(s)/cyborg(s),3.3392857142857144
androids,4.100806451612903
anger,3.621212121212121
animal movie,4.0
animation,3.685722376059389
anime,4.003156539965617
annoying,3.7162162162162162
anthology,4.197068403908795
anti-Semitism,3.9166666666666665
anti-intellectual,3.0
anti-war,4.098039215686274
apes,3.8944954128440368
apocalypse,3.727426555299539
aquarium,3.3125
archaeology,3.9642724867724866
ark of the covenant,4.2075
art,3.515625
art house,3.75
arthouse,4.1603053435114505
artificial intelligence,3.6963068287256307
artistic,3.6645462256149277
artsy,3.5088652482269502
assassin,3.9711320868625095
assassin-in-training (scene),3.697530864197531
assassination,4.0725570795119665
assassins,4.018796992481203
asylum,3.4642857142857144
atmospheric,3.9183167625956976
audience intelligence underestimated,2.379545454545455
austere,4.0
autism,3.8072916666666665
avant-garde romantic comedy,3.4166666666666665
aviation,3.8563218390804597
awesome,3.8984649122807022
awkward,3.621212121212121
awkward romance,4.018796992481203
babies,2.6944444444444446
bad,3.011370437841026
bad acting,2.9125
bad ass,4.197068403908795
bad dialogue,3.993150684931507
bad humor,2.25
bad jokes,2.575
bad language,4.197068403908795
bad music,3.0
bad plot,2.778846153846154
bad science,3.6030927835051547
bad script,3.1422413793103448
bad writing,3.0
bad-ass,4.197068403908795
ballet,3.6756756756756754
ballroom dance,3.8076923076923075
bank,3.7857142857142856
baseball,3.503293650793651
based on a TV show,3.6697855750487327
based on a book,3.8132180922087686
based on a play,2.875
based on a true story,3.9351026045777426
basketball,3.5960031347962382
batman,2.34375
bears,3.7
beat poetry,3.317073170731707
beautiful,3.9982519670474432
beautiful cinematography,3.81
beautiful scenery,3.8173691765627042
beautiful visuals,3.980769230769231
beautifully filmed,3.81
ben affleck,2.34375
ben stiller,3.509259259259259
best comedy,3.378640776699029
bible,4.197068403908795
biblical references,4.197068403908795
big boys with guns,4.197068403908795
big budget,3.7332167832167835
big corporations,3.7857142857142856
big name actors,4.197068403908795
big top,4.125
big wave,4.0
biking,3.7045454545454546
biography,4.225
biopic,3.6190269792127383
birds,3.9630681818181817
bittersweet,3.980804545546123
bizarre,4.089743589743589
bizzare,3.25
black and white,3.908996592430327
black comedy,4.012463541046604
black hole,3.993150684931507
black humor,4.197068403908795
black humour,4.197068403908795
black-and-white,4.5
bleak,4.333333333333333
blind,3.6153846153846154
blindness,3.7675595238095236
blood,4.197068403908795
blood splatters,4.197068403908795
bloody,3.8629116901918206
bluegrass,3.8085106382978724
boksdrama,4.088235294117647
bombs,3.75
books,4.0
boring,2.153030303030303
bowling,3.9245283018867925
boxing,3.540545802659139
brainwashing,4.122916666666667
brilliant,3.423076923076923
british comedy,4.037254901960785
britpop,3.0
bromance,3.493872549019608
bromantic,3.5294117647058822
brothers,3.9285714285714284
bruce willis,4.197068403908795
brutal,3.5575757575757576
brutality,3.8102546853609027
bubba gump shrimp,4.164133738601824
building a family,4.5
bus,3.5292397660818713
business,3.6939865689865687
busniess,3.4545454545454546
butler,3.75
camels,4.0
cameo:Whoopi Goldberg,3.1515151515151514
camp,3.2222222222222223
cancer,4.166666666666667
captain nemo,2.625
carnival,2.9
cartoon,4.004761904761905
casino,3.6315789473684212
casual violence,4.197068403908795
cate blanchett,3.5
cattle drive,4.0
celebrity fetishism,4.0
cerebral,4.064478274480153
challenging,4.272935779816514
character development,4.197068403908795
character study,4.171428571428572
characters,3.9735342019543975
cheating,3.9217391304347826
cheeky,3.870967741935484
cheesy,2.35
chess,4.048611111111111
chick flick,2.85118006993007
child abuse,3.8244810744810747
childish naivity,3.4166666666666665
children,3.7165140415140416
chilly,3.7333333333333334
china,3.8363636363636364
christmas,3.3553326702033597
cia,3.982142857142857
cinematography,3.719780019828531
circus,3.3697916666666665
city politics,4.5
claims to be true,2.796875
class,3.91025641025641
classic,3.789994211184183
classic movie,4.197068403908795
classic sci-fi,4.231075697211155
claustrophobic,4.026591829223408
claymation,4.35
clever,3.8697213790568745
cliche characters,3.578125
coen brothers,3.9245283018867925
coke,4.197068403908795
college,3.2890818858560795
colorful,3.870967741935484
colourful,4.1603053435114505
coma,3.752551020408163
comedy,3.6171630170656512
comic book,3.1598224728487887
comics,3.4794520547945207
complicated,4.16968467312504
computer,3.8944954128440368
computer animation,4.004761904761905
computers,3.0401785714285716
con artists,4.333333333333333
con men,3.7205882352941178
confrontational,3.9078947368421053
confusing,3.8157894736842106
confusing ending,3.8944954128440368
conspiracy,3.4404761904761907
conspiracy theory,2.9987244897959187
consumerism,4.272935779816514
contemplative,3.75
controversial,3.7509677726926007
convent,4.0
conversation,4.197068403908795
cool,4.197068403908795
cool style,4.197068403908795
corruption,3.953146858732757
costume drama,3.7790697674418605
coulda been a contender,4.1875
court,3.8556882057511275
courtroom drama,3.583333333333333
crappy sequel,2.959016393442623
crazy,4.5
creative,4.5
creativity,5.0
creepy,3.6514787713330943
crime,3.9025579754225195
crime scene scrubbing,4.197068403908795
cross dressing,3.7555555555555555
crucifixion,3.576923076923077
crude humor,3.6079156223893065
cruel characters,4.1
cryptic,3.75
cult,4.027105630525826
cult classic,4.197068403908795
cult film,4.07263776934594
cyberpunk,3.9004032258064516
cynical,3.9403846153846156
dance,3.7417356440157747
dance marathon,3.25
dancing,4.197068403908795
daniel craig,3.8157894736842106
daniel radcliffe,2.6666666666666665
dark,3.978273011410718
dark comedy,3.888954512495206
dark fairy tale,3.7
dark hero,3.9938423645320196
dark humor,4.115842045812756
darth vader,4.184415399625985
dating,3.161458333333333
dc comics,2.630208333333333
dead wife,4.066433566433567
deadpan,3.9245283018867925
deaf,3.6666666666666665
deafness,4.0
death,3.6620370370370368
death penalty,3.7838308457711443
demons,3.197985902658662
depressing,3.913618933150183
depression,4.555555555555555
diabetes,3.3333333333333335
dialogue,3.8895178085117745
different,4.197068403908795
diner,4.197068403908795
dinosaurs,2.8004767827529022
directorial debut,3.8333333333333335
disability,3.4570578231292517
disappointing,2.8333333333333335
disjointed timeline,4.197068403908795
disturbing,4.057474512108609
divorce,3.8176621510673234
doctors,3.310185185185185
documentary,3.5
dogs,3.169574397233972
doll,3.3333333333333335
domestic violence,2.5
donkey,3.5
double life,4.272935779816514
downbeat,3.935267857142857
drama,4.1257185729902135
dreamlike,3.8593337800429093
dreams,4.004761904761905
dreamy,4.214285714285714
drug abuse,3.980545343137255
drug overdose,4.197068403908795
drugs,3.8488253514395905
drugs & music,4.197068403908795
dumb,3.378640776699029
dumpster diving,4.0
dust bowl,4.111111111111111
dystopia,3.7141666666666664
e-mail,3.12
earnest,4.149122807017544
easygoing,3.935483870967742
economics,4.291666666666667
edward norton,3.929955703211517
eerie,3.7916666666666665
elegant,4.214285714285714
elegiac,3.4166666666666665
embarassing scenes,3.5
emma thompson,3.6931818181818183
emotional,3.9869031544012543
end of the world,4.3
ending,3.435185185185185
engrossing adventure,4.231075697211155
enigmatic,3.8970676903723946
enjoyable,3.5
ensemble cast,4.17275913305453
entertaining,4.197068403908795
entirely dialogue,4.197068403908795
epic,4.165822784810127
episodic,4.197068403908795
espionage,3.592355175688509
ethics,2.75
evil children,3.4166666666666665
evolution,4.083333333333333
ex-con,3.8404255319148937
exciting,4.197068403908795
existentialism,3.829262945168916
factory,3.8475
faerie tale,2.8333333333333335
fairy tale,2.8333333333333335
fairy tales,4.4338235294117645
falling,4.025
families,3.7
family,3.46431237733081
fantasy,3.7130773955773955
fantasy world,4.050750750750751
far fetched,2.8333333333333335
fast paced,4.197068403908795
fast-paced,4.197068403908795
fast-paced dialogue,4.071428571428571
fatalistic,3.4285714285714284
father-son relationship,3.4794520547945207
fatherhood,3.711397058823529
feel-good,3.9087329055080753
ferris wheel,4.229166666666667
fighting,4.272935779816514
figure skating,2.395833333333333
film history,3.5
film noir,4.197068403908795
film-noir,4.197068403908795
financial crisis,3.7857142857142856
first was much better,2.959016393442623
fish,3.941764059534512
flood,2.25
food,3.7639393939393937
football,3.096288515406163
for katie,4.25
foul language,4.197068403908795
franchise,3.25
freaks,3.864705882352941
free speech,3.861842105263158
free to download,5.0
freedom,4.5
freedom of expression,3.537037037037037
friendship,3.9315273216300177
fucked up,3.75
fugitive,4.272727272727273
fun,3.95689150434393
fun family movie,3.8536585365853657
funny,3.6865674357682416
future,4.0334495027018304
futuristic,3.7487940981745957
gambling,3.7200980392156864
game,3.4318181818181817
gangs,3.875
gangster,3.9675818210020166
gangsters,4.068986171266302
geeky,3.7045454545454546
generation X,3.8993589743589743
genius,4.197068403908795
genocide,3.7916666666666665
gentle,4.0
ghosts,3.2682916398594513
gintama,3.5
gold,4.0
golden watch,4.197068403908795
golf,3.4802452069893928
golfing,2.84
good,2.760869565217391
good and evil,4.0
good cinematography,3.980769230769231
good dialogue,4.0758961736589026
good music,4.197068403908795
good soundtrack,3.350878776935115
good writing,4.5
goofy,3.5927248677248675
gore,4.197068403908795
goretastic,3.933333333333333
gothic,3.2762456605835215
graphic design,3.6030927835051547
great acting,4.16293372540217
great cinematography,4.037037037037037
great dialogue,4.060798352897794
great ending,3.58761961722488
great humor,3.869565217391304
great performances,3.45
great screenplay,4.149122807017544
great soundtrack,4.107604977671846
grim,4.15625
gritty,4.215329055334361
gruesome,3.75
gun fu,4.0
gun tactics,4.142857142857143
gun-fu,3.8448275862068964
gunfight,4.2105263157894735
guns,3.8895178085117745
halloween,2.283333333333333
hallucinatory,3.798945152814955
happpiness,4.1603053435114505
happy ending,3.05
harry potter,3.7616822429906542
harsh,4.333333333333333
haunting,3.6666666666666665
heartbreaking,3.999761904761905
heartwarming,3.894239128946576
heavy metal,4.015151515151516
heist,3.9054430543570673
helena bonham carter,3.9035133444537116
heroic bloodshed,4.0
heroin,3.831867535287731
heroine in tight suit,2.7054738562091503
high fantasy,4.106060606060606
high school,3.25805850469116
highschool,3.9593023255813953
hilarious,3.7249987842093106
hip hop,3.75
hippies,4.333333333333333
historical,4.031645569620253
history,3.9382352941176473
hit men,3.9743658648359985
hitman,4.119574179749047
holocaust,4.166847826086956
homeless,3.513888888888889
homosexuality,4.197068403908795
hope,3.4166666666666665
horror,3.8040367965367965
horses,3.5381944444444446
hostage,4.0476190476190474
hotel,3.6315789473684212
hugh jackman,3.2823163678426837
hula hoop,3.55
human rights,5.0
humane,4.1603053435114505
humor,3.8875
humorous,3.9400566872203036
humour,4.197068403908795
iconic,4.197068403908795
illusions,3.409090909090909
imaginary friend,4.272935779816514
imagination,4.580152671755725
imaginative,3.870967741935484
imdb top 250,4.058834072744741
immigrants,3.5215773809523814
immigration,3.625
immortality,2.75
incest,4.211864406779661
independent,3.6666666666666665
independent film,3.855769230769231
indiana jones,4.2075
indie record label,3.0
individualism,4.5
infertility,3.340909090909091
inhumane,3.6666666666666665
innovative,4.197068403908795
insanity,3.9367259447443637
insightful,4.1603053435114505
insomnia,3.303030303030303
inspirational,4.007437798756699
inspiring,3.7097390913180384
intellectual,4.1317509851711804
intelligent,4.042038273802102
intelligent sci-fi,3.776923076923077
intense,3.919849807744116
interesting,3.8104850496951475
interesting characters,4.333333333333333
interesting scenario,2.8333333333333335
interracial marriage,4.545454545454546
interracial romance,3.176470588235294
intertwining storylines,4.197068403908795
interwoven storylines,4.197068403908795
intimate,4.214285714285714
introspection,4.333333333333333
investor corruption,4.291666666666667
invisibility,3.5
ironic,4.223534201954397
irony,4.197068403908795
irreverent,4.268035401873006
island,3.408119658119658
italy,4.5
jack nicholson,4.1427881630682215
jackie chan,3.8333333333333335
jake gyllenhaal,3.981651376146789
jay and silent bob,3.6455696202531644
jazz,3.8819817400644467
jim carrey,4.1603053435114505
jon hamm,4.75
joss whedon,3.9166666666666665
journalism,3.7473036868493694
jungle,2.1363636363636362
justice,3.7641509433962264
kidnapping,3.704192955682529
kids,3.8536585365853657
killer,3.8448275862068964
killer-as-protagonist,4.197068403908795
knights,3.262295081967213
kung fu,3.8333333333333335
lack of development,3.864406779661017
lack of plot,2.9166666666666665
lack of story,3.864406779661017
large cast,3.2666666666666666
last man on earth,3.7707816377171213
lawn mower,3.9285714285714284
lawyer,3.499034749034749
lawyers,3.0565516591251884
leonardo DiCarpio,3.903225806451613
leopard,3.861111111111111
lesbian,3.4
lesbian subtext,3.7564102564102564
lies,3.9217391304347826
lieutenant dan,4.164133738601824
lion,3.5416666666666665
lions,4.0
live action/animation,3.5721649484536084
loneliness,4.079761904761905
long shots,3.8604910714285716
long takes,4.214285714285714
longing,4.214285714285714
lord of the rings,4.118918918918919
los angeles,4.197068403908795
love,4.330152671755725
love story,3.9254964333911704
lovely,4.1603053435114505
luke skywalker,4.184415399625985
lyrical,3.5961538461538463
macho,3.581967213114754
mad scientist,2.5606060606060606
made me cry,4.078125
mafia,3.6663520663520663
magic,3.7790697674418605
magic board game,3.4318181818181817
male nudity,4.25
marijuana,3.9245283018867925
marriage,4.005
martial arts,3.4404182393533103
marvel,3.129927090453406
masculinity,3.5294117647058822
masterpiece,4.05804420803076
matchmaker,3.75
mathematics,3.807497467071935
meaningless violence,4.197068403908795
mecha,4.3
mediacentralism,4.0
meditative,3.6555810397553516
mel gibson,4.031645569620253
melancholic,4.214285714285714
melancholy,3.822814431115958
memory,4.018178704247407
memory loss,3.5657894736842106
men in drag,3.7779976851851855
menacing,3.7333333333333334
mental hospital,3.625
mental illness,3.801276066495776
mermaid,3.1176470588235294
meryl streep,3.16
mice,3.4761904761904763
military,3.6446542616643054
milkshake,4.197068403908795
mind-bending,4.1603053435114505
mind-blowing,4.272935779816514
mindfuck,3.909021507999934
mindless one liners,3.509259259259259
mining,4.071428571428571
mirrors,3.5
missing children,4.0
missionary,3.9705882352941178
mobster,4.197068403908795
mobsters,4.197068403908795
mockumentary,3.880050505050505
modern fantasy,3.6931818181818183
moldy,3.2596153846153846
money,4.0
monologue,4.197068403908795
moody,4.009920634920634
moon,3.9675284292821607
morality,4.149553571428571
motherfucker,4.197068403908795
motherhood,3.8333333333333335
mountain climbing,4.0
movie business,3.7584156534954403
movies,3.927083333333333
movies about movies,4.666666666666667
moving,4.0125
multiple personalities,4.0
multiple roles,3.3333333333333335
multiple short stories,4.25
multiple stories,4.197068403908795
multiple storylines,3.947911690191821
muppets,3.326923076923077
murder,3.6973585209946043
music,3.710851681857594
music business,3.75
music industry,3.5
mystery,4.082132228462168
mythology,4.106060606060606
nanny,3.887323943661972
narnia,3.5416666666666665
narrated,4.156075733045512
needed more autobots,2.425
neo-noir,4.199679240122336
nerds,3.8636363636363638
new composer,3.25
new society,3.0
new york,3.4252450980392153
nightclub,3.946969696969697
nightmare,3.5
no dialogue,5.0
nocturnal,4.214285714285714
noir,4.197068403908795
non-linear,4.197068403908795
non-linear timeline,4.197068403908795
nonlinear,4.1739999965595445
nonlinear narrative,4.197068403908795
nonlinear storyline,4.197068403908795
nonlinear timeline,4.197068403908795
nonsense,3.7
nostalgia,3.142857142857143
not funny,3.378640776699029
not linear,3.8333333333333335
not seen,4.1466666666666665
notable soundtrack,3.983149586569782
nuclear war,3.970982142857143
nuns,3.0277777777777777
obsession,3.822562358276644
ocean,4.0476190476190474
off-beat comedy,3.7312078280084844
offensive,3.8485342019543975
ogres,3.5760869565217392
oil,3.9166666666666665
old,3.2596153846153846
oldie but goodie,4.231075697211155
oninous,3.7333333333333334
opera,4.111111111111111
organised crime,4.197068403908795
organized crime,4.015983483667351
original,4.028946573088418
original plot,4.206354107167668
orphans,4.16875
out of order,4.197068403908795
overcomplicated,3.409090909090909
overrated,3.2461229768768667
pageant,3.0546875
painter,3.75
paranoia,3.6795877659574465
paranoid,3.8969358065102746
parenthood,4.0
parody,3.975635866993363
parrots,4.75
passion,4.0394736842105265
personals ads,3.34375
philosophical,3.8859750492626697
philosophical issues,3.993150684931507
philosophy,4.134754421814757
philosopical,4.25
photographer,4.261904761904762
photography,3.9607518796992482
pigs,3.65234375
pixar,3.9209302325581397
pizza beer,3.378640776699029
planes,3.3333333333333335
plastic surgery,2.8666666666666667
plot holes,2.961592741935484
plot twist,3.861843380500097
poetic,3.428571428571429
poignant,3.926985930735931
police,3.72400612066689
police corruption,4.018796992481203
political commentary,3.9934210526315788
political right versus left,4.5
politics,3.579191231994199
pool,4.333333333333333
poor dialogue,3.6030927835051547
poorly paced,2.9166666666666665
pop culture references,4.197068403908795
post apocalyptic,4.192446043165468
post-apocalyptic,3.6308843630399124
post-college,3.21875
postmodern,4.272935779816514
powerful ending,4.129888942539836
preacher,4.0
predictable,3.4663050020117576
predictible plot,4.28
pregnancy,3.400030525030525
prejudice,4.545454545454546
prequel,3.107142857142857
president,3.5873973727422004
priest,3.5317460317460316
prison,4.194468745875852
procedural,5.0
prodigies,3.35
prom,3.3472222222222223
prostitution,3.513498934927506
psychedelic,2.5778985507246377
psychiatrist,3.4424242424242424
psychological,4.098645988828979
psychological thriller,4.272935779816514
psychology,3.9023393064508074
psychopaths,3.986842105263158
pudding,3.621212121212121
pulp,4.197068403908795
purity of essence,4.268041237113402
purposefulness,3.4166666666666665
quick cuts,3.864406779661017
quirky,3.8828253758880837
quirky romantic,4.1603053435114505
quotable,3.293269230769231
r:disturbing violent content including rape,4.197068403908795
r:disturbing violent images,4.197068403908795
r:graphic sexuality,4.197068403908795
r:some violence,4.197068403908795
r:strong bloody violence,4.197068403908795
r:strong language,4.197068403908795
r:sustained strong stylized violence,4.197068403908795
r:violence,4.197068403908795
rabbi,3.4523809523809526
race,3.426294191919192
racism,4.003085329862484
radio,3.258928571428571
random,4.197068403908795
ransom,3.9245283018867925
rap,4.0
rape,3.9485342019543976
rasicm,3.6650197628458496
real estate,3.7777777777777777
realistic,3.7857142857142856
reality TV,2.5
really bad,3.037037037037037
rebellion,3.7
reciprocal spectator,4.5
reflective,4.111111111111111
relaxing,3.8944954128440368
religion,3.559571442040449
remade,3.9170690699305157
remake,3.203264230456238
remaster,3.5
remix culture,3.5
representation of children,3.5
restaurant,3.269230769230769
retro,3.5485342019543973
reunion,3.287843366452367
revenge,3.8580163567624415
revolution,3.7
revolutionary,3.8944954128440368
rich guy - poor girl,3.7666666666666666
ridiculous,3.069642857142857
river,3.9
road trip,3.75
roald dahl,3.0
robbery,3.6153846153846154
robots,3.736939652705857
romance,3.5639374158384314
romantic,4.1872955288985825
romantic comedy,3.5
royal with cheese,4.197068403908795
royalty,4.0576923076923075
rug,3.9245283018867925
ryan reynolds,2.75
sad,3.7217503987240828
saint,3.9
saints,3.5
salute to Douglas Sirk,3.8636363636363638
samurai,4.1990117521367525
sarcasm,3.8278907697305455
satire,3.8620524886440872
satirical,4.098732040851653
scandal,3.7642857142857142
scary,4.006392045454545
scenic,4.118918918918919
schizophrenia,4.129888942539836
school,3.3640228818800244
sci-fi,3.853767987784417
science fiction,3.630434782608696
scifi,3.0
scifi cult,3.581967213114754
screwball,4.115277777777777
secret society,3.9938423645320196
secrets,3.336734693877551
seen at the cinema,2.8823529411764706
seen more than once,3.3966346153846154
self discovery,3.8636363636363638
sentimental,3.9905303030303028
sequel,3.2509758652960135
serial killer,3.631980425261454
setting:space/space ship,3.8944954128440368
sex,3.05
sexuality,3.5388175295886537
sexy,4.197068403908795
sexy female scientist,2.6694444444444443
shakespeare,3.7222222222222223
shark,1.4166666666666667
shenanigans,3.8636363636363638
ships,4.166666666666667
shipwreck,3.414285714285714
short films,2.5
short stories,4.25
show business,4.060416666666667
shrimp,4.164133738601824
silly,3.8397782675482532
singers,4.0
singletons,3.623076923076923
sisterhood,3.2
sisters,3.125
six-fingered man,4.232394366197183
skiing,3.685185185185185
slasher,2.9305895439377085
slavery,3.576923076923077
slick,3.729166666666667
slow,3.8944954128440368
slow action,3.578125
slow paced,3.8944954128440368
small time criminals,3.6153846153846154
small towns,4.142857142857143
smart,3.9675027870680046
smart writing,4.197068403908795
sniper,3.7656484962406016
soccer,3.3
social commentary,4.102314433183294
societal criticism,4.272935779816514
sofia coppola,3.769230769230769
solitude,3.96875
somber,3.4794520547945207
sophisticated,4.197068403908795
soundtrack,3.8175665967830668
south park,3.861842105263158
southern US,3.875
space,3.557292075189712
space action,4.231075697211155
space adventure,4.231075697211155
space craft,3.9642857142857144
space epic,4.231075697211155
space opera,3.8330945881361687
space station,2.8
space travel,3.879451096252527
spacecraft,3.8944954128440368
spaghetti western,4.225694444444445
special effects,3.8969465648854964
spelling bee,3.923076923076923
spiders,2.811320754716981
spies,3.497191011235955
splatter,4.197068403908795
spoof,3.484202733982471
sports,3.821307503770739
spying,3.5435239313116553
stage,1.75
stand-up comedy,2.5
stapler,4.090425531914893
star wars,3.9
start of a beautiful friendship,4.24
statue,4.170454545454546
stephen king,3.840909090909091
steve carell,3.5472972972972974
stiller,3.5086206896551726
stone age,3.7777777777777777
stop looking at me swan,3.326530612244898
stop using useless characters for filler,2.425
storytelling,4.197068403908795
stranded,3.8333333333333335
strange,3.75
stupid,3.7719298245614037
stupid but funny,3.3636363636363638
stupid ending,3.409090909090909
stupid is as stupid does,4.164133738601824
stylish,3.921537092759981
stylized,3.8824272910742974
submarine,3.924211165048544
suburbia,3.9456521739130435
subway,4.5
suicide,3.769230769230769
superb soundtrack,3.8944954128440368
superficial plot,3.6030927835051547
superhero,3.192451389626423
superhero team,3.869565217391304
superman,2.34375
surfing,4.0
surprise ending,3.1818181818181817
surreal,3.9624024724351647
surrealism,4.330152671755725
survival,3.782800499231951
suspense,3.833667992249207
suspenseful,3.9385268346111717
swashbuckler,3.83903803131991
sweet,4.021212121212121
sword fight,4.031645569620253
symbolic,0.5
symbolism,3.4356060606060606
system holism,4.0
teacher,3.1842105263157894
teachers,3.5
tear jerker,4.151988636363637
tearjerking,4.1477272727272725
technology,3.8944954128440368
tedious,3.8944954128440368
teen,3.680146076422909
teenage pregnancy,3.769230769230769
teenagers,4.0
televangelist,3.75
television,3.4452020202020197
tense,3.8639158702772107
tension,3.5454545454545454
tension building,3.75
terminal illness,3.638888888888889
terrorism,3.608363503818049
test tag,3.4393939393939394
the Force,3.107142857142857
the catholic church is the most corrupt organization in history,4.5
theater,3.5
thought provoking,4.75
thought-provoking,3.915439374594127
threesome,3.09375
thriller,3.87389451857142
time travel,3.7343889446224594
time-travel,3.993150684931507
tobacco,3.7419354838709675
tolkien,4.106060606060606
tom hardy,3.903225806451613
too long,3.591546391752577
too many characters,2.8653846153846154
too much love interest,3.9545454545454546
touching,3.9500321059741554
tragedy,4.15625
tragic,3.953125
train,3.583333333333333
trains,3.729166666666667
transplants,3.394209956709957
transvestite,3.875
travolta,4.197068403908795
treasure hunt,3.6649744897959184
tricky,4.237745098039215
trippy,3.243243243243243
truckers,4.0
true story,3.8814673078207442
truth,4.291666666666667
twins,2.7447420634920636
twist,3.861467889908257
twist ending,3.972766766435834
twisted,4.089743589743589
twists & turns,3.704459308807135
ummarti2006,4.0055555555555555
uncomfortable,3.25
unconventional,3.8231060606060607
undercover cop,4.252336448598131
understated,4.25
unexplained,2.9375
unintelligent,3.0
union,4.166666666666667
unique,3.82913239309916
unlikely hero,4.0508474576271185
unnecessary sequel,3.2857142857142856
unoriginal,3.6030927835051547
unpredictable,4.197068403908795
unsettling,3.25
unusual,4.197068403908795
updated classics,3.7222222222222223
uplifting,3.9705882352941178
vampire,2.866935483870968
vampires,3.446659482758621
vertriloquism,3.625
very funny,4.025363470247081
video,2.796875
video game adaptation,2.5
video games,3.7045454545454546
villain nonexistent or not needed for good story,3.65234375
violence,3.994648121094609
violence in america,3.6657088122605366
violent,3.817501045931327
virginity,2.4318181818181817
virtual reality,3.8636363636363638
visual,3.8944954128440368
visually appealing,3.7740361036714583
visually stunning,3.7652420603451535
von Bulow,3.75
voyeurism,4.261904761904762
wapendrama,3.7142857142857144
war,3.7794117647058822
way too long,4.252336448598131
weak plot,2.9375
weather forecaster,3.4791666666666665
wedding,3.3293473570658034
weddings,3.3863636363636367
weird,3.867207715831569
werewolf,4.0
western,3.943661971830986
whales,3.4767441860465116
whimsical,3.8066066066066067
white guilt,3.8140463917525773
widows/widowers,3.589080459770115
will ferrell,3.458603896103896
wine,3.7435897435897436
winona ryder,3.4642857142857144
wistful,3.621212121212121
witty,3.7896325368252337
wizards,4.106060606060606
women,3.2
wonderwoman,2.34375
workplace,4.090425531914893
writing,3.80013455013455
wrongful imprisonment,4.429022082018927
wry,3.4166666666666665
younger men,3.2083333333333335
zither,4.229166666666667
zoe kazan,2.6666666666666665
zombies,3.766905508284818
